wavelength nm,W/m^2/nm
339.619,0
340,0
340.381,0
340.762,0
341.143,0
341.524,0
341.904,0
342.285,0
342.666,0
343.046,0
343.427,0
343.807,0
344.188,0
344.568,0
344.949,0
345.329,0.478900398
345.71,-1.508868526
346.09,-2.710788845
346.47,1.214599203
346.85,0.35586753
347.23,0.228852231
347.611,0.082411952
347.991,0.095602311
348.371,0.124446215
348.751,0.124055139
349.131,0.104143426
349.511,0.119855498
349.891,0.076110558
350.27,0.086186773
350.65,0.090701514
351.03,0.07436006
351.41,0.100128765
351.79,0.072562649
352.169,0.08644988
352.549,0.074971793
352.928,0.07676751
353.308,0.085032669
353.687,0.085947251
354.067,0.084490518
354.446,0.097979084
354.826,0.084725618
355.205,0.08416243
355.584,0.085659402
355.964,0.098191873
356.343,0.090179761
356.722,0.092086653
357.101,0.091787988
357.48,0.082696932
357.859,0.096599363
358.238,0.091358486
358.617,0.079829402
358.996,0.082709462
359.375,0.072151554
359.754,0.066365239
360.133,0.079096614
360.512,0.064078665
360.891,0.079758964
361.269,0.069237741
361.648,0.076255279
362.027,0.078881616
362.405,0.071279355
362.784,0.061223675
363.162,0.069087211
363.541,0.077650199
363.919,0.082875418
364.298,0.068199382
364.676,0.057582757
365.054,0.073723841
365.433,0.071179916
365.811,0.07555702
366.189,0.05508459
366.567,0.060409926
366.945,0.051265807
367.323,0.063139428
367.701,0.054539325
368.079,0.077423546
368.457,0.045956604
368.835,0.056965803
369.213,0.052151151
369.591,0.061830131
369.969,0.064680191
370.346,0.058924853
370.724,0.047549183
371.102,0.066826556
371.479,0.061752195
371.857,0.05608054
372.235,0.050766968
372.612,0.067697649
372.99,0.05637012
373.367,0.059818263
373.744,0.052319227
374.122,0.063646853
374.499,0.057375594
374.876,0.0545149
375.254,0.057825
375.631,0.053167968
376.008,0.05693706
376.385,0.064816518
376.762,0.04967357
377.139,0.050653267
377.516,0.053180267
377.893,0.049163307
378.27,0.052632347
378.647,0.040094944
379.024,0.047736215
379.4,0.035231681
379.777,0.05263192
380.154,0.052807777
380.53,0.039369938
380.907,0.046588653
381.284,0.042186454
381.66,0.049154438
382.037,0.040153219
382.413,0.04853651
382.79,0.048759197
383.166,0.042597167
383.542,0.040377498
383.919,0.052480729
384.295,0.034923311
384.671,0.037851442
385.047,0.046868908
385.423,0.039745185
385.799,0.041652956
386.176,0.04315757
386.552,0.045556016
386.928,0.033768287
387.303,0.040175516
387.679,0.042089683
388.055,0.040162649
388.431,0.044389092
388.807,0.037903566
389.183,0.039202566
389.558,0.034688247
389.934,0.038424737
390.309,0.030960781
390.685,0.027367649
391.061,0.031946845
391.436,0.030218735
391.811,0.032121317
392.187,0.034567637
392.562,0.035235639
392.938,0.030261884
393.313,0.038304873
393.688,0.035633211
394.063,0.03722045
394.438,0.036346135
394.814,0.035472701
395.189,0.035392446
395.564,0.036317193
395.939,0.031254143
396.314,0.036762394
396.689,0.035495219
397.063,0.031762203
397.438,0.028175359
397.813,0.036868661
398.188,0.031378462
398.563,0.029951249
398.937,0.030992028
399.312,0.037545741
399.686,0.030246108
400.061,0.033038783
400.435,0.026360327
400.81,0.029521817
401.184,0.027564757
401.559,0.031058677
401.933,0.03347608
402.307,0.03500094
402.682,0.028542777
403.056,0.021380976
403.43,0.027905898
403.804,0.034816853
404.178,0.029090233
404.552,0.035428994
404.926,0.031737016
405.3,0.024797689
405.674,0.026708863
406.048,0.032260542
406.422,0.027553466
406.796,0.033875942
407.169,0.026304259
407.543,0.028798008
407.917,0.029138127
408.291,0.030055524
408.664,0.031711566
409.038,0.028786542
409.411,0.025659235
409.785,0.027136255
410.158,0.031121303
410.531,0.029315355
410.905,0.031706922
411.278,0.032090199
411.651,0.028230163
412.025,0.032600618
412.398,0.027373669
412.771,0.036571743
413.144,0.034714942
413.517,0.029050183
413.89,0.034493122
414.263,0.031623088
414.636,0.037632137
415.009,0.029896247
415.382,0.037388564
415.755,0.031620388
416.127,0.032598406
416.5,0.033523841
416.873,0.036338058
417.245,0.035148566
417.618,0.040382361
417.991,0.041452165
418.363,0.039210382
418.736,0.043319116
419.108,0.037446952
419.48,0.040931602
419.853,0.047838388
420.225,0.044096813
420.597,0.055856486
420.97,0.050183068
421.342,0.052380988
421.714,0.057464175
422.086,0.057856207
422.458,0.060285777
422.83,0.062407649
423.202,0.063064456
423.574,0.062849219
423.946,0.067293865
424.318,0.070920139
424.69,0.069861631
425.061,0.073436482
425.433,0.077135418
425.805,0.085097713
426.177,0.085629432
426.548,0.086123743
426.92,0.09914798
427.291,0.097752382
427.663,0.09100747
428.034,0.105598793
428.406,0.104557414
428.777,0.106841474
429.148,0.121608363
429.519,0.115855546
429.891,0.12196206
430.262,0.126613516
430.633,0.129007124
431.004,0.138531845
431.375,0.143930582
431.746,0.150255084
432.117,0.144827426
432.488,0.154051022
432.859,0.159020876
433.23,0.162927339
433.601,0.165914074
433.971,0.178590191
434.342,0.182488048
434.713,0.199546315
435.083,0.202934008
435.454,0.211806327
435.825,0.219134759
436.195,0.227248625
436.566,0.223721319
436.936,0.242557321
437.306,0.24897759
437.677,0.250133052
438.047,0.264007028
438.417,0.269677355
438.788,0.292842108
439.158,0.291881241
439.528,0.321431438
439.898,0.323824442
440.268,0.340935096
440.638,0.358949337
441.008,0.373963829
441.378,0.38083745
441.748,0.399349482
442.118,0.419878566
442.487,0.448853902
442.857,0.456062466
443.227,0.465870512
443.597,0.480287639
443.966,0.493877313
444.336,0.508530584
444.705,0.516758685
445.075,0.530879861
445.444,0.545589398
445.814,0.555592036
446.183,0.568725878
446.552,0.570835273
446.922,0.586303064
447.291,0.567843267
447.66,0.588380438
448.029,0.577288735
448.398,0.596693088
448.768,0.579576048
449.137,0.576868548
449.506,0.577329442
449.875,0.571983984
450.243,0.555469871
450.612,0.551928944
450.981,0.539191016
451.35,0.537978934
451.719,0.525976962
452.087,0.510832751
452.456,0.500872275
452.825,0.508247438
453.193,0.479632321
453.562,0.46121957
453.93,0.457785944
454.299,0.45309602
454.667,0.431196526
455.035,0.435257976
455.404,0.430128514
455.772,0.413170956
456.14,0.407296693
456.508,0.399598219
456.877,0.389366239
457.245,0.37985461
457.613,0.374168086
457.981,0.371269147
458.349,0.369026534
458.717,0.355943207
459.085,0.34878547
459.452,0.347050404
459.82,0.338519797
460.188,0.33808341
460.556,0.346993323
460.923,0.328247068
461.291,0.331689898
461.659,0.329494602
462.026,0.330844542
462.394,0.330405685
462.761,0.327305657
463.128,0.331087522
463.496,0.329750438
463.863,0.326834444
464.23,0.328574564
464.598,0.336663502
464.965,0.335840229
465.332,0.344557221
465.699,0.338740781
466.066,0.343279984
466.433,0.353742058
466.8,0.355595247
467.167,0.354927962
467.534,0.36779761
467.901,0.363794199
468.268,0.374986757
468.635,0.377768299
469.001,0.380986908
469.368,0.375379273
469.735,0.397530733
470.101,0.401875211
470.468,0.403400414
470.834,0.41263191
471.201,0.414323386
471.567,0.419057803
471.934,0.429509572
472.3,0.432190898
472.666,0.4405576
473.032,0.452277865
473.399,0.451900637
473.765,0.453210817
474.131,0.465763625
474.497,0.468397715
474.863,0.467452416
475.229,0.472991586
475.595,0.471429084
475.961,0.490847524
476.327,0.488010255
476.693,0.489396474
477.058,0.49077903
477.424,0.492443809
477.79,0.498482789
478.156,0.506738337
478.521,0.503667195
478.887,0.510508857
479.252,0.5067924
479.618,0.516618964
479.983,0.503720235
480.348,0.507426757
480.714,0.515504797
481.079,0.520323884
481.444,0.50737294
481.81,0.510102916
482.175,0.506298789
482.54,0.50502251
482.905,0.508314255
483.27,0.503062697
483.635,0.514511271
484,0.511919323
484.365,0.507107187
484.73,0.510385056
485.095,0.512019592
485.459,0.507903546
485.824,0.521526339
486.189,0.516750896
486.553,0.520254498
486.918,0.526409131
487.283,0.528278934
487.647,0.536026693
488.012,0.545302323
488.376,0.541232902
488.74,0.54107957
489.105,0.543652088
489.469,0.547927072
489.833,0.55325747
490.198,0.552573556
490.562,0.563926841
490.926,0.564934884
491.29,0.555811705
491.654,0.572263771
492.018,0.555297813
492.382,0.568193988
492.746,0.553363048
493.11,0.560161604
493.474,0.558439187
493.837,0.561014287
494.201,0.555030394
494.565,0.556489978
494.928,0.548647853
495.292,0.550638494
495.656,0.540564745
496.019,0.538048434
496.383,0.533621088
496.746,0.531706781
497.109,0.525947809
497.473,0.514199761
497.836,0.520845179
498.199,0.515033659
498.563,0.507267131
498.926,0.503795508
499.289,0.491145239
499.652,0.484684295
500.015,0.482175502
500.378,0.477041092
500.741,0.473482052
501.104,0.471731797
501.467,0.466247382
501.829,0.455180576
502.192,0.454602102
502.555,0.451304659
502.918,0.439329873
503.28,0.44482561
503.643,0.437131578
504.005,0.434181173
504.368,0.429495084
504.73,0.423587633
505.093,0.422038964
505.455,0.406438351
505.817,0.414926916
506.18,0.417221036
506.542,0.406782422
506.904,0.407767779
507.266,0.396281753
507.628,0.394234661
507.991,0.39332497
508.353,0.389401683
508.715,0.389344641
509.076,0.383829223
509.438,0.382182502
509.8,0.379476932
510.162,0.374065793
510.524,0.371867546
510.885,0.3657799
511.247,0.370909219
511.609,0.370120076
511.97,0.36251548
512.332,0.358604375
512.693,0.359274946
513.055,0.358045677
513.416,0.361006863
513.778,0.358716249
514.139,0.355084492
514.5,0.359141163
514.861,0.349893131
515.223,0.355320223
515.584,0.351665275
515.945,0.354489594
516.306,0.352329689
516.667,0.343201608
517.028,0.34863508
517.389,0.350116996
517.75,0.351489018
518.11,0.35198299
518.471,0.347647135
518.832,0.345385538
519.193,0.348268108
519.553,0.341360677
519.914,0.345820498
520.274,0.35033488
520.635,0.343046833
520.995,0.341523924
521.356,0.340708127
521.716,0.341544986
522.076,0.345371494
522.437,0.345533257
522.797,0.344778725
523.157,0.338688622
523.517,0.340844303
523.877,0.337076606
524.238,0.341615618
524.598,0.34476612
524.958,0.342309657
525.317,0.337824215
525.677,0.341028072
526.037,0.336600685
526.397,0.342314528
526.757,0.342473323
527.116,0.337817544
527.476,0.342473323
527.836,0.343002355
528.195,0.343319731
528.555,0.340939088
528.914,0.340409843
529.274,0.33808206
529.633,0.340740167
529.993,0.344670825
530.352,0.339010594
530.711,0.341054578
531.07,0.340425546
531.429,0.339639414
531.789,0.340373179
532.148,0.341840709
532.507,0.339796725
532.866,0.341368988
533.225,0.336285211
533.584,0.34199802
533.942,0.341893076
534.301,0.343150928
534.66,0.341526299
535.019,0.347396207
535.377,0.339849092
535.736,0.339482315
536.095,0.342102753
536.453,0.343308239
536.812,0.341631032
537.17,0.346557709
537.528,0.341631032
537.887,0.348706637
538.245,0.346819753
538.603,0.339901458
538.962,0.344461359
539.32,0.345457167
539.678,0.339534681
540.036,0.341211677
540.394,0.349702446
540.752,0.344670825
541.11,0.343046195
541.468,0.345352223
541.826,0.346819753
542.184,0.342784151
542.541,0.349387825
542.899,0.344670825
543.257,0.353266327
543.614,0.350855355
543.972,0.344042004
544.33,0.347658251
544.687,0.340897267
545.045,0.350750622
545.402,0.358664725
545.759,0.349702446
546.117,0.351274709
546.474,0.348863737
546.831,0.347710829
547.188,0.344304048
547.546,0.349283092
547.903,0.345981255
548.26,0.339849092
548.617,0.344513725
548.974,0.350750622
549.331,0.352322884
549.687,0.350016857
550.044,0.339744359
550.401,0.346977064
550.758,0.349206783
551.114,0.344274711
551.471,0.344274711
551.828,0.347182082
552.184,0.345053426
552.541,0.3495701
552.897,0.349050956
553.254,0.345832141
553.61,0.349466355
553.966,0.351231484
554.323,0.348272241
554.679,0.348116624
555.035,0.349933625
555.391,0.346143795
555.747,0.344949681
556.103,0.351283357
556.459,0.349622181
556.815,0.350868167
557.171,0.356838526
557.527,0.354086982
557.883,0.350193197
558.239,0.35559254
558.594,0.353204313
558.95,0.354190727
559.306,0.353256185
559.661,0.354190727
560.017,0.35959007
560.372,0.356007729
560.728,0.357980558
561.083,0.360109213
561.438,0.353308267
561.794,0.357253924
562.149,0.356682699
562.504,0.360161086
562.859,0.357928685
563.215,0.358863227
563.57,0.355852112
563.925,0.361199582
564.28,0.355229014
564.635,0.366183526
564.99,0.355540667
565.344,0.363899044
565.699,0.364470269
566.054,0.35868502
566.409,0.360176239
566.763,0.36429004
567.118,0.366449801
567.473,0.36110188
567.827,0.364238661
568.182,0.36357012
568.536,0.367478199
568.891,0.356319745
569.245,0.361153259
569.599,0.371129179
569.953,0.366192701
570.308,0.368146741
570.662,0.37087208
571.016,0.366398422
571.37,0.361204845
571.724,0.373340319
572.078,0.369689339
572.432,0.372517641
572.786,0.36891804
573.14,0.370460845
573.494,0.366861243
573.847,0.370255124
574.201,0.365832845
574.555,0.370409259
574.908,0.367066964
575.262,0.367632542
575.615,0.371489243
575.969,0.371437865
576.322,0.361770422
576.676,0.3776051
577.029,0.373919014
577.382,0.37360757
577.736,0.368571544
578.089,0.380201026
578.442,0.367689084
578.795,0.373140299
579.148,0.367585129
579.501,0.373763187
579.854,0.374386285
580.207,0.362549313
580.56,0.371557661
580.913,0.377480147
581.265,0.379733809
581.618,0.371347984
581.971,0.371557661
582.324,0.374754765
582.676,0.373025191
583.029,0.378819219
583.381,0.373740343
583.734,0.373211311
584.086,0.374851267
584.438,0.372999655
584.791,0.375327438
585.143,0.375097339
585.495,0.370024351
585.847,0.374776781
586.2,0.376859546
586.552,0.374830351
586.904,0.376198952
587.256,0.372857516
587.608,0.37894762
587.959,0.369300468
588.311,0.377746793
588.663,0.37279745
589.015,0.376223884
589.367,0.37568002
589.718,0.382004068
590.07,0.375857277
590.421,0.376021787
590.773,0.375527815
591.124,0.380406215
591.476,0.377914327
591.827,0.384005833
592.179,0.37641906
592.53,0.377415904
592.881,0.381623735
593.232,0.380841514
593.584,0.378327151
593.935,0.378941898
594.286,0.38133704
594.637,0.37389661
594.988,0.379026155
595.339,0.37626404
595.689,0.385933127
596.04,0.382578197
596.391,0.38109992
596.742,0.38087244
597.092,0.384909582
597.443,0.379450976
597.794,0.381890255
598.144,0.388830151
598.495,0.384127068
598.845,0.385331434
599.196,0.386593339
599.546,0.385618199
599.896,0.384545904
600.247,0.386223526
600.597,0.395190341
600.947,0.389810205
601.297,0.386860034
601.647,0.385934289
601.997,0.390967386
602.347,0.384661739
602.697,0.392617028
603.047,0.385615538
603.397,0.390049705
603.747,0.399034865
604.096,0.398042912
604.446,0.392675323
604.796,0.395942653
605.145,0.395359
605.495,0.390866538
605.844,0.393083622
606.194,0.395767534
606.543,0.397401199
606.893,0.394425578
607.242,0.397284375
607.591,0.400474825
607.94,0.399268279
608.29,0.400062829
608.639,0.39835653
608.988,0.40859456
609.337,0.400769006
609.686,0.397238594
610.035,0.405358329
610.384,0.407476624
610.733,0.413301697
611.081,0.410183044
611.43,0.403946211
611.779,0.410712618
612.127,0.40859456
612.476,0.409182922
612.825,0.417126054
613.173,0.409182922
613.522,0.415419755
613.87,0.40765299
614.218,0.410653829
614.567,0.412007157
614.915,0.407476624
615.263,0.40894753
615.611,0.413689482
615.96,0.41185004
616.308,0.418851394
616.656,0.415825339
617.004,0.41362996
617.352,0.42164008
617.7,0.415706773
618.047,0.421818167
618.395,0.41630008
618.743,0.415884622
619.091,0.417555574
619.438,0.41970947
619.786,0.415222347
620.134,0.41306845
620.481,0.4153419
620.829,0.414564319
621.176,0.41432497
621.523,0.4153419
621.871,0.414863444
622.218,0.424263992
622.565,0.418050741
622.912,0.417085434
623.259,0.423298685
623.607,0.414491598
623.954,0.425289327
624.301,0.420041382
624.648,0.417025163
624.994,0.421234082
625.341,0.419957038
625.688,0.4226329
626.035,0.420930012
626.382,0.415517277
626.728,0.421164024
627.075,0.417424016
627.421,0.42245145
627.768,0.418895466
628.114,0.417546781
628.461,0.419430777
628.807,0.417452938
629.154,0.413559263
629.5,0.421664773
629.846,0.412381936
630.192,0.419608865
630.538,0.412381936
630.884,0.40490602
631.231,0.416345719
631.577,0.408370777
631.922,0.407491643
632.268,0.412978741
632.614,0.419940462
632.96,0.4170291
633.306,0.407788876
633.651,0.41078354
633.997,0.411166171
634.343,0.405106769
634.688,0.407411454
635.034,0.404519084
635.379,0.402269203
635.725,0.399891135
636.07,0.400505882
636.415,0.402708092
636.761,0.399663777
637.106,0.401866112
637.451,0.394621625
637.796,0.402937807
638.141,0.403003512
638.486,0.396624811
638.831,0.393180024
639.176,0.394836606
639.521,0.389138402
639.866,0.388771763
640.211,0.390574094
640.555,0.396447938
640.9,0.387146215
641.245,0.382506231
641.589,0.379278534
641.934,0.38931552
642.278,0.382677024
642.623,0.378815916
642.967,0.379534088
643.312,0.383218578
643.656,0.38137647
644,0.374174432
644.344,0.374449386
644.689,0.380811992
645.033,0.377697131
645.377,0.370913267
645.721,0.372726197
646.065,0.375793649
646.409,0.370774106
646.753,0.369331251
647.096,0.367154861
647.44,0.36153794
647.784,0.357154749
648.128,0.364932582
648.471,0.360195066
648.815,0.355166821
649.158,0.350895012
649.502,0.354668558
649.845,0.355769343
650.189,0.350965857
650.532,0.350033755
650.875,0.34782755
651.218,0.347250239
651.562,0.350354339
651.905,0.34708457
652.248,0.338362667
652.591,0.345933195
652.934,0.344323474
653.277,0.329322112
653.62,0.343997665
653.963,0.339724749
654.305,0.3310314
654.648,0.331992131
654.991,0.337332371
655.334,0.335255677
655.676,0.327560811
656.019,0.319273257
656.361,0.324649098
656.704,0.323642518
657.046,0.322590327
657.389,0.321162375
657.731,0.321686462
658.073,0.318055303
658.415,0.319492649
658.757,0.310944155
659.1,0.311606116
659.442,0.312672151
659.784,0.307494131
660.126,0.308331928
660.468,0.307881564
660.809,0.300141135
661.151,0.303896335
661.493,0.303080032
661.835,0.300380486
662.177,0.300689068
662.518,0.298735034
662.86,0.290506608
663.201,0.287556759
663.543,0.288100004
663.884,0.290247574
664.226,0.283607167
664.567,0.287122825
664.908,0.282357331
665.249,0.2853236
665.591,0.284851984
665.932,0.274317442
666.273,0.276991873
666.614,0.286010518
666.955,0.275172271
667.296,0.272403506
667.637,0.275937002
667.978,0.26049351
668.318,0.268533568
668.659,0.268759936
669,0.26139055
669.341,0.265395693
669.681,0.261150454
670.022,0.257443239
670.362,0.256234376
670.703,0.253816327
671.043,0.25010294
671.383,0.25448161
671.724,0.249859554
672.064,0.251319219
672.404,0.249180239
672.744,0.242816892
673.085,0.240451016
673.425,0.233782562
673.765,0.239610088
674.105,0.234356948
674.444,0.24166194
674.784,0.234612711
675.124,0.229741102
675.464,0.228007229
675.804,0.237014534
676.143,0.229123219
676.483,0.222976159
676.823,0.222893163
677.162,0.225306289
677.501,0.223467825
677.841,0.216031151
678.18,0.220794124
678.52,0.213947032
678.859,0.213358805
679.198,0.208399343
679.537,0.210386205
679.876,0.215374841
680.215,0.210893414
680.555,0.20540843
680.894,0.198774781
681.232,0.197669458
681.571,0.199075098
681.91,0.197022187
682.249,0.200398088
682.588,0.197386709
682.926,0.196098307
683.265,0.19306997
683.604,0.194521371
683.942,0.195478502
684.281,0.18773345
684.619,0.189850482
684.957,0.187049863
685.296,0.181417813
685.634,0.180713968
685.972,0.183410817
686.31,0.184472693
686.649,0.182525444
686.987,0.17891749
687.325,0.175713347
687.663,0.177137211
688.001,0.17507856
688.338,0.178031888
688.676,0.172176351
689.014,0.174156235
689.352,0.17674191
689.69,0.171041205
690.027,0.169428446
690.365,0.166153466
690.702,0.166599133
691.04,0.161933964
691.377,0.166580044
691.715,0.16211261
692.052,0.167290498
692.389,0.163258526
692.726,0.166511825
693.064,0.16104306
693.401,0.155716422
693.738,0.158419124
694.075,0.157479721
694.412,0.156136412
694.749,0.152736841
695.086,0.153346422
695.423,0.15471795
695.759,0.156149303
696.096,0.153888761
696.433,0.1527379
696.769,0.158827888
697.106,0.153537108
697.443,0.148691378
697.779,0.15315141
698.116,0.157061725
698.452,0.152640135
698.788,0.157658345
699.125,0.154593625
699.461,0.155068697
699.797,0.15387591
700.133,0.162332351
700.469,0.159120863
700.805,0.161931321
701.141,0.157584717
701.477,0.158593339
701.813,0.156938118
702.149,0.168296665
702.485,0.163000167
702.82,0.162461187
703.156,0.161086056
703.492,0.161703012
703.827,0.164754034
704.163,0.161240586
704.498,0.158585558
704.834,0.171651442
705.169,0.169042944
705.505,0.168481721
705.84,0.173383697
706.175,0.174515295
706.51,0.173098127
706.845,0.179901892
707.18,0.187253068
707.515,0.184257639
707.85,0.180931315
708.185,0.183489992
708.52,0.184981273
708.855,0.189529231
709.19,0.186043307
709.525,0.191155896
709.859,0.19486609
710.194,0.199370151
710.529,0.202142392
710.863,0.203686068
711.198,0.201830693
711.532,0.209740339
711.866,0.209219725
712.201,0.214583849
712.535,0.214972165
712.869,0.216369729
713.203,0.226490124
713.537,0.22128197
713.872,0.231573347
714.206,0.23077751
714.54,0.230181837
714.873,0.235193004
715.207,0.240125546
715.541,0.258095771
715.875,0.243699813
716.209,0.24890608
716.542,0.257406454
716.876,0.256517896
717.21,0.267253076
717.543,0.266862472
717.877,0.2738721
718.21,0.282586078
718.543,0.280931645
718.877,0.295160319
719.21,0.282462789
719.543,0.289478926
719.876,0.303602498
720.209,0.312098048
720.542,0.313748337
720.875,0.323240343
721.208,0.32577694
721.541,0.343344562
721.874,0.340921892
722.207,0.345111048
722.54,0.345292223
722.872,0.350299631
723.205,0.360914598
723.538,0.371480223
723.87,0.383726594
724.203,0.383603088
724.535,0.386999
724.868,0.387917857
725.2,0.406981506
725.532,0.405093823
725.865,0.409332131
726.197,0.426412367
726.529,0.426704402
726.861,0.44749055
727.193,0.444199777
727.525,0.437548131
727.857,0.46067506
728.189,0.455196287
728.521,0.465540633
728.853,0.476682277
729.184,0.479679801
729.516,0.490349641
729.848,0.482944106
730.179,0.50072845
730.511,0.489328319
730.842,0.497437781
731.174,0.501156669
731.505,0.49959055
731.836,0.506855259
732.168,0.49820739
732.499,0.505348072
732.83,0.503683267
733.161,0.498666645
733.492,0.508087426
733.823,0.500806195
734.154,0.491495687
734.485,0.487181653
734.816,0.480106255
735.147,0.480410661
735.478,0.472634677
735.808,0.45938939
736.139,0.458444223
736.47,0.448743773
736.8,0.436512102
737.131,0.422506823
737.461,0.410669857
737.792,0.400707466
738.122,0.401063996
738.452,0.385604829
738.782,0.36801053
739.113,0.357332863
739.443,0.3540221
739.773,0.351414502
740.103,0.340165054
740.433,0.321269203
740.763,0.319484653
741.093,0.303589291
741.423,0.311942106
741.752,0.288294129
742.082,0.289032231
742.412,0.281453964
742.742,0.278494392
743.071,0.259108594
743.401,0.259730998
743.73,0.259354327
744.06,0.253800861
744.389,0.252109898
744.718,0.241224542
745.048,0.247092042
745.377,0.23509141
745.706,0.220509442
746.035,0.228653231
746.364,0.23161402
746.693,0.225072227
747.022,0.221753616
747.351,0.217968622
747.68,0.223991247
748.009,0.22296358
748.338,0.223714299
748.666,0.220767542
748.995,0.221803799
749.323,0.226699004
749.652,0.217650598
749.981,0.226115157
750.309,0.223581669
750.637,0.226569155
750.966,0.224471695
751.294,0.225062343
751.622,0.223992729
751.95,0.222760076
752.279,0.223970665
752.607,0.229408502
752.935,0.230002988
753.263,0.231055673
753.591,0.232109721
753.919,0.24300747
754.246,0.231601578
754.574,0.241320506
754.902,0.236968044
755.23,0.250649641
755.557,0.251289243
755.885,0.247068663
756.212,0.25098696
756.54,0.258068402
756.867,0.258406522
757.195,0.260166375
757.522,0.261296558
757.849,0.266057845
758.176,0.260199733
758.503,0.264361988
758.831,0.267583339
759.158,0.272748157
759.485,0.271813865
759.812,0.282187321
760.138,0.272021769
760.465,0.283587514
760.792,0.275801773
761.119,0.286733845
761.446,0.286666127
761.772,0.292139839
762.099,0.304081717
762.425,0.298466924
762.752,0.302838665
763.078,0.298148331
763.405,0.309394562
763.731,0.293380865
764.057,0.299457371
764.383,0.309274094
764.71,0.310519649
765.036,0.306848347
765.362,0.321350135
765.688,0.30130252
766.014,0.316375645
766.34,0.318490701
766.665,0.321817506
766.991,0.312733894
767.317,0.318994323
767.643,0.319946964
767.968,0.314921707
768.294,0.314938709
768.619,0.316542151
768.945,0.316195327
769.27,0.31566543
769.596,0.31796247
769.921,0.307958169
770.246,0.3213399
770.572,0.311597052
770.897,0.309204442
771.222,0.299555689
771.547,0.313383522
771.872,0.306754404
772.197,0.316001375
772.522,0.309800414
772.847,0.304178528
773.171,0.294313745
773.496,0.300117657
773.821,0.293646201
774.146,0.286771633
774.47,0.300717532
774.795,0.295273825
775.119,0.277074359
775.444,0.273988088
775.768,0.2845961
776.092,0.278565845
776.417,0.274461335
776.741,0.2797451
777.065,0.265198104
777.389,0.275636036
777.713,0.251709863
778.037,0.256332066
778.361,0.252227888
778.685,0.241364163
779.009,0.246945876
779.333,0.233753576
779.657,0.24276212
779.98,0.242747809
780.304,0.229341912
780.627,0.218644789
780.951,0.21999243
781.274,0.215518098
781.598,0.224881976
781.921,0.223069614
782.245,0.205993588
782.568,0.207392819
782.891,0.211015131
783.214,0.212225514
783.537,0.19990747
783.861,0.19869251
784.184,0.193880966
784.506,0.195781201
784.829,0.19433502
785.152,0.185243396
785.475,0.186516723
785.798,0.187801215
786.12,0.186100916
786.443,0.177156454
786.766,0.17907449
787.088,0.172041978
787.411,0.176713817
787.733,0.180985625
788.056,0.160907092
788.378,0.161493474
788.7,0.161707386
789.022,0.174125516
789.345,0.159506239
789.667,0.157574853
789.989,0.159013297
790.311,0.159443098
790.633,0.174254088
790.955,0.155929928
791.276,0.164121865
791.598,0.163201219
791.92,0.169422239
792.242,0.155128781
792.563,0.158738727
792.885,0.162862878
793.206,0.154314661
793.528,0.152484974
793.849,0.157063643
794.171,0.160697817
794.492,0.155452809
794.813,0.163909118
795.134,0.160623681
795.456,0.166474351
795.777,0.159148665
796.098,0.170091251
796.419,0.168988689
796.74,0.163179042
797.061,0.170410454
797.381,0.161022849
797.702,0.166721414
798.023,0.175565675
798.344,0.169697187
798.664,0.167081044
798.985,0.175097958
799.305,0.180893928
799.626,0.176997375
799.946,0.176478713
800.267,0.18208402
800.587,0.183617888
800.907,0.17847741
801.227,0.178863725
801.548,0.180626327
801.868,0.192464498
802.188,0.17856145
802.508,0.183268757
802.828,0.200352329
803.147,0.19914357
803.467,0.205143801
803.787,0.202523157
804.107,0.211630267
804.426,0.203329964
804.746,0.201332271
805.066,0.216259325
805.385,0.218113948
805.705,0.205403044
806.024,0.219708789
806.343,0.214381863
806.663,0.224450026
806.982,0.224881912
807.301,0.213366865
807.62,0.223042859
807.939,0.222469873
808.258,0.222671474
808.577,0.222329681
808.896,0.224708
809.215,0.242565237
809.534,0.221744924
809.852,0.230156382
810.171,0.224758625
810.49,0.237538422
810.808,0.23211298
811.127,0.234546669
811.445,0.240833884
811.764,0.242021673
812.082,0.235208833
812.401,0.231109811
812.719,0.234856185
813.037,0.245365717
813.355,0.240428655
813.673,0.236304811
813.991,0.231778331
814.309,0.225965259
814.627,0.236985721
814.945,0.232907161
815.263,0.240252861
815.581,0.232173412
815.899,0.235625928
816.216,0.245519116
816.534,0.237058685
816.851,0.233497434
817.169,0.23018008
817.486,0.246563506
817.804,0.230838516
818.121,0.228572157
818.438,0.226963327
818.756,0.220405729
819.073,0.255234474
819.39,0.225186319
819.707,0.221958843
820.024,0.232205562
820.341,0.225221494
820.658,0.224258934
820.975,0.233840104
821.292,0.230650112
821.608,0.245036833
821.925,0.224054446
822.242,0.225479351
822.558,0.226310028
822.875,0.234230478
823.191,0.244697177
823.508,0.232334661
823.824,0.232643622
824.141,0.232791554
824.457,0.233313677
824.773,0.235602699
825.089,0.226503936
825.405,0.22821441
825.721,0.245791147
826.037,0.24189297
826.353,0.246414795
826.669,0.231230343
826.985,0.242367558
827.301,0.2355841
827.617,0.251970773
827.932,0.246746725
828.248,0.251746813
828.563,0.248331474
828.879,0.255368255
829.194,0.248716052
829.51,0.245265725
829.825,0.248349681
830.14,0.250131402
830.456,0.251254747
830.771,0.251044861
831.086,0.255466056
831.401,0.261635472
831.716,0.262454522
832.031,0.249019602
832.346,0.253818633
832.661,0.261061002
832.976,0.284025777
833.29,0.270457745
833.605,0.260959793
833.92,0.269688681
834.234,0.273275175
834.549,0.275446311
834.863,0.271376739
835.178,0.27217751
835.492,0.29130595
835.806,0.275892486
836.121,0.295123745
836.435,0.283880106
836.749,0.299022096
837.063,0.291951789
837.377,0.289553863
837.691,0.317093821
838.005,0.299885789
838.319,0.300747384
838.633,0.311851036
838.946,0.311278518
839.26,0.307002777
839.574,0.321198653
839.887,0.333267825
840.201,0.339823695
840.514,0.318641205
840.828,0.324787968
841.141,0.324939205
841.455,0.340230649
841.768,0.328254237
842.081,0.355490622
842.394,0.347292629
842.707,0.354022546
843.02,0.356546725
843.333,0.357140112
843.646,0.365975769
843.959,0.37597396
844.272,0.379053466
844.585,0.379301163
844.898,0.394095618
845.21,0.405499004
845.523,0.422282845
845.835,0.406231135
846.148,0.410952066
846.46,0.4181171
846.773,0.426132878
847.085,0.415093625
847.397,0.418549323
847.71,0.426615034
848.022,0.431856275
848.334,0.428164303
848.646,0.425566147
848.958,0.455205968
849.27,0.457667255
849.582,0.451359612
849.894,0.463151486
850.205,0.471394667
850.517,0.435898952
850.829,0.444632769
851.141,0.452242823
851.452,0.44997361
851.764,0.455919594
852.075,0.433378022
852.386,0.432278311
852.698,0.422534876
853.009,0.428771468
853.32,0.432416876
853.632,0.418566406
853.943,0.408967225
854.254,0.417882988
854.565,0.417972321
854.876,0.407772279
855.187,0.405548167
855.497,0.405995378
855.808,0.396058709
856.119,0.39598388
856.43,0.381377677
856.74,0.390828821
857.051,0.355438275
857.361,0.360191594
857.672,0.345669066
857.982,0.349004502
858.293,0.339431753
858.603,0.327220369
858.913,0.307165219
859.223,0.305786283
859.533,0.308017938
859.844,0.300298815
860.154,0.296312414
860.464,0.307584978
860.773,0.274290092
861.083,0.274938347
861.393,0.283520641
861.703,0.266986325
862.013,0.256620207
862.322,0.256679012
862.632,0.257714008
862.941,0.221171315
863.251,0.223643426
863.56,0.233869323
863.869,0.20840002
864.179,0.209455578
864.488,0.211473227
864.797,0.204887928
865.106,0.188590538
865.415,0.196740259
865.724,0.198136574
866.033,0.199164143
866.342,0.190696315
866.651,0.191733765
866.96,0.19251247
867.269,0.182554382
867.577,0.178884502
867.886,0.18586241
868.195,0.168403506
868.503,0.171580159
868.812,0.185998805
869.12,0.175863466
869.428,0.183947271
869.737,0.161704382
870.045,0.174214143
870.353,0.171406554
870.661,0.160213546
870.969,0.148585179
871.277,0.17449496
871.585,0.152147072
871.893,0.170402749
872.201,0.169622709
872.509,0.159387251
872.817,0.174172311
873.124,0.152745657
873.432,0.161581195
873.739,0.145382988
874.047,0.17054761
874.354,0.148959721
874.662,0.136100916
874.969,0.16316749
875.276,0.163350598
875.584,0.149705976
875.891,0.140781813
876.198,0.170899641
876.505,0.150993227
876.812,0.13702739
877.119,0.147364781
877.426,0.139366614
877.733,0.172629482
878.04,0.156566295
878.346,0.140991992
878.653,0.156554064
878.96,0.167912032
879.266,0.152641434
879.573,0.162845797
879.879,0.169251195
880.185,0.176382888
880.492,0.155539124
880.798,0.167939761
881.104,0.191570339
881.411,0.161208406
881.717,0.164412251
882.023,0.168992191
882.329,0.18311506
882.635,0.166171175
882.941,0.157831315
883.246,0.182341972
883.552,0.183653785
883.858,0.191240378
884.164,0.202396793
884.469,0.18627741
884.775,0.17981253
885.08,0.18106996
885.386,0.180358566
885.691,0.187344622
885.996,0.195133944
886.302,0.188636653
886.607,0.184116036
886.912,0.212461853
887.217,0.189027251
887.522,0.211710757
887.827,0.209457789
888.132,0.196199163
888.437,0.204932271
888.742,0.198256972
889.046,0.200324661
889.351,0.206298486
889.656,0.203907092
889.96,0.198439781
890.265,0.223404382
890.569,0.22105749
890.874,0.222579084
891.178,0.207931574
891.483,0.210994522
891.787,0.227784861
892.091,0.255550996
892.395,0.247067331
892.699,0.215441594
893.003,0.24938247
893.307,0.209273068
893.611,0.22458506
893.915,0.251756693
894.219,0.219928227
894.523,0.258827291
894.826,0.230705179
895.13,0.242422988
895.433,0.239241155
895.737,0.233736335
896.04,0.249447012
896.344,0.252611952
896.647,0.236676414
896.95,0.267721833
897.254,0.264579562
897.557,0.225331673
897.86,0.226932311
898.163,0.242151275
898.466,0.248480837
898.769,0.254124143
899.072,0.272710438
899.375,0.268656175
899.677,0.268656175
899.98,0.254793526
900.283,0.268664044
900.585,0.26458506
900.888,0.255517649
901.191,0.286707131
901.493,0.28100245
901.795,0.256231892
902.098,0.2826851
902.4,0.273548845
902.702,0.312777928
903.004,0.267656275
903.306,0.251586454
903.608,0.2793249
903.91,0.287733466
904.212,0.256448904
904.514,0.309826135
904.816,0.315781036
905.118,0.280911633
905.42,0.310772789
905.721,0.307408088
906.023,0.299664741
906.324,0.328208665
906.626,0.297060757
906.927,0.30746008
907.228,0.289183426
907.53,0.329336355
907.831,0.298632231
908.132,0.32863259
908.433,0.320666733
908.734,0.301098406
909.035,0.331406673
909.336,0.334140398
909.637,0.357692092
909.938,0.350549323
910.239,0.319523008
910.54,0.335963426
910.84,0.32482496
911.141,0.35258988
911.441,0.30493757
911.742,0.325339044
912.042,0.342249801
912.343,0.352550996
912.643,0.361992669
912.943,0.3925051
913.244,0.358088446
913.544,0.36089761
913.844,0.372439044
914.144,0.370446335
914.444,0.377221554
914.744,0.378139641
915.044,0.381031873
915.343,0.348150418
915.643,0.383734701
915.943,0.36545259
916.243,0.385330797
916.542,0.405625159
916.842,0.371590757
917.141,0.391775498
917.441,0.410331952
917.74,0.378736733
918.039,0.406642629
918.338,0.37665259
918.638,0.414715697
918.937,0.384062151
919.236,0.416143625
919.535,0.413696414
919.834,0.453820418
920.133,0.397282052
920.431,0.467596614
920.73,0.409334622
921.029,0.410699761
921.328,0.424954661
921.626,0.468644701
921.925,0.479613327
922.223,0.478199044
922.522,0.415773705
922.82,0.484021833
923.118,0.457238247
923.417,0.448418426
923.715,0.502256016
924.013,0.45042012
924.311,0.516982809
924.609,0.549481494
924.907,0.49681
925.205,0.498263845
925.503,0.496468805
925.801,0.553541355
926.098,0.555311594
926.396,0.530047809
926.694,0.532830757
926.991,0.514060219
927.289,0.553343227
927.586,0.56411994
927.884,0.527116753
928.181,0.545773486
928.478,0.517405697
928.775,0.610938247
929.073,0.582511135
929.37,0.563263207
929.667,0.556775857
929.964,0.633738645
930.261,0.568065618
930.557,0.612035219
930.854,0.618388526
931.151,0.635707649
931.448,0.671563147
931.744,0.596760956
932.041,0.648523944
932.337,0.606706972
932.634,0.630952112
932.93,0.607457968
933.227,0.713933048
933.523,0.705145817
933.819,0.668731195
934.115,0.678211614
934.412,0.684039363
934.708,0.678628486
935.004,0.738411633
935.3,0.708651992
935.595,0.731001833
935.891,0.769078586
936.187,0.757584582
936.483,0.688100398
936.778,0.751832769
937.074,0.732748048
937.369,0.773612032
937.665,0.792949104
937.96,0.818508367
938.256,0.800170697
938.551,0.762396813
938.846,0.819006096
939.141,0.816719522
939.437,0.841665478
939.732,0.839312032
940.027,0.827532371
940.322,0.856584143
940.617,0.806629482
940.911,0.833826096
941.206,0.79455255
941.501,0.816288645
941.796,0.86531241
942.09,0.919268526
942.385,0.910390438
942.679,0.893311315
942.974,0.927780777
943.268,0.847908526
943.562,0.915105418
943.857,0.940429681
944.151,0.910228685
944.445,0.981562231
944.739,0.897951992
945.033,0.921270717
945.327,0.996201892
945.621,1.014048924
945.915,0.920846653
946.208,0.968779522
946.502,0.966343625
946.796,1.022065458
947.089,0.907076653
947.383,0.956164661
947.676,0.964497251
947.97,1.028246554
948.263,1.027886255
948.557,1.064843606
948.85,1.038472709
949.143,1.097220717
949.436,1.003774064
949.729,1.028937869
950.022,1.032537789
950.315,1.053186454
950.608,1.081135458
950.901,1.069473307
951.194,1.043170916
951.487,0.954517231
951.779,1.051425578
952.072,0.979708327
952.364,0.999504781
952.657,0.990632331
952.949,1.050314422
953.242,1.007422709
953.534,1.021313665
953.826,1.025222211
954.118,1.138991474
954.411,1.11040004
954.703,1.086708725
954.995,1.042666474
955.287,1.010830438
955.579,0.964914263
955.87,0.952892769
956.162,0.996128446
956.454,1.006224343
956.746,0.98184496
957.037,0.929864542
957.329,0.890581912
957.62,1.007688825
957.912,1.066769602
958.203,0.907660159
958.494,1.029189124
958.786,1.010447809
959.077,0.936867291
959.368,0.950563745
959.659,1.032455139
959.95,0.969895936
960.241,0.962172829
960.532,0.947480199
960.823,0.962109084
961.114,0.937904681
961.404,1.016779124
961.695,0.875490538
961.986,0.933963984
962.276,0.864686653
962.567,0.838957072
962.857,0.927993068
963.147,0.901008765
963.438,0.878198247
963.728,0.808660319
964.018,0.736886056
964.308,0.741838247
964.598,0.963109084
964.888,0.760469163
965.178,0.846386454
965.468,0.852981673
965.758,0.745487171
966.048,0.760919522
966.338,0.828784741
966.627,0.791338904
966.917,0.710137649
967.206,0.783977689
967.496,0.858842629
967.785,0.800579502
968.075,0.691598486
968.364,0.801588884
968.653,0.746959602
968.942,0.86351745
969.232,0.869549004
969.521,0.862293327
969.81,0.859031773
970.099,0.788198127
970.388,0.66665504
970.676,0.818499044
970.965,0.816552729
971.254,0.836530996
971.543,0.768328287
971.831,0.788103964
972.12,0.841978984
972.408,0.813169721
972.697,0.9700749
972.985,0.849106813
973.273,0.836656175
973.561,0.974637829
973.85,0.764856574
974.138,0.757289761
974.426,0.950405976
974.714,0.747993227
975.002,0.882640239
975.29,0.860361753
975.577,0.790762948
975.865,0.84544502
976.153,0.953941235
976.441,0.802663745
976.728,0.91249502
977.016,0.904541833
977.303,0.803003187
977.59,0.865612749
977.878,1.135942629
978.165,0.806306773
978.452,0.792148406
978.74,0.810498008
979.027,0.850658964
979.314,0.74807749
979.601,1.005350598
979.888,0.937373904
980.174,0.743740239
980.461,0.761941036
980.748,0.914144821
981.035,0.933853386
981.321,1.092184064
981.608,1.061035458
981.894,0.874807371
982.181,0.812031873
982.467,0.953324701
982.754,1.096668327
983.04,0.942445418
983.326,0.989277689
983.612,1.223605578
983.898,0.956957769
984.184,1.018193825
984.47,1.155268924
984.756,0.971270916
985.042,0.985174303
985.328,1.146635857
985.614,1.02743506
985.899,0.99163247
986.185,0.961678685
986.47,0.947154382
986.756,1.063359363
987.041,1.292808765
987.327,1.12970259
987.612,1.069541036
987.897,1.295989243
988.182,1.167316733
988.468,1.197968127
988.753,1.221191036
989.038,0.947716733
989.323,1.323633466
989.607,1.075847809
989.892,1.113435857
990.177,1.095770916
990.462,1.125553386
990.746,1.240288446
991.031,1.080556375
991.315,1.017245618
991.6,1.414050996
991.884,1.265996016
992.169,1.29065498
992.453,1.325469323
992.737,1.206431474
993.021,1.383434661
993.305,1.471266932
993.59,1.577226693
993.874,1.290402789
994.157,1.537721116
994.441,1.647650797
994.725,1.21776992
995.009,1.14565757
995.293,1.326735857
995.576,1.381780876
995.86,1.483621912
996.143,1.456733068
996.427,1.274065339
996.71,1.465711554
996.993,1.50043506
997.277,1.449968725
997.56,1.711878884
997.843,1.353386454
998.126,1.462545418
998.409,1.291969124
998.692,1.613240637
998.975,1.668483267
999.258,1.71325757
999.541,2.036619323
999.823,1.681257371
1000.106,1.952359363
1000.388,1.799927092
1000.671,1.930166932
1000.954,2.244824701
1001.236,2.193173307
1001.518,1.641316733
1001.801,1.858017928
1002.083,1.930359761
1002.365,1.586336255
1002.647,1.611317928
1002.929,1.739951394
1003.211,1.818497211
1003.493,1.766557769
1003.775,2.092359163
1004.057,1.60463745
1004.338,1.839870518
1004.62,1.955751394
1004.902,2.183925299
1005.183,2.136366534
1005.465,1.843906773
1005.746,2.075844622
1006.028,1.963150398
1006.309,2.054956175
1006.59,2.170504781
1006.871,2.059585857
1007.153,2.162643028
1007.434,2.57503745
1007.715,2.25065259
1007.996,2.419078486
1008.277,2.109322709
1008.557,2.233923108
1008.838,2.583686056
1009.119,2.03030498
1009.4,2.512040239
1009.68,2.83784004
1009.961,2.318505179
1010.241,3.163247012
1010.522,2.403392032
1010.802,2.501364542
1011.082,2.697842032
1011.362,2.516694821
1011.643,2.562427888
1011.923,3.091888446
1012.203,2.801891036
1012.483,2.624422112
1012.763,2.83494502
1013.042,2.645086853
1013.322,2.634226295
1013.602,2.285356972
1013.882,3.292538247
1014.161,2.821618127
1014.441,2.873944223
1014.72,2.649522908
1015,3.137846215
1015.279,3.375740239
1015.558,3.302021116
1015.838,2.886062151
1016.117,2.281391235
1016.396,3.046784661
1016.675,3.436355578
1016.954,3.056963546
1017.233,3.159367928
1017.512,3.149692829
1017.791,3.193082669
1018.07,3.754828685
1018.348,3.323360159
1018.627,3.531255777
1018.905,3.56972988
1019.184,3.335279283
1019.462,3.25204741
1019.741,3.583626096
1020.019,2.337330677
1020.297,3.045322709
1020.576,3.808070319
1020.854,3.408398606
1021.132,3.353784861
1021.41,3.353784861
1021.688,3.353784861

